Beautiful Soup,Lxml,Regular expressions
0.023000001907348633,0.03299999237060547,0.013000011444091797
0.046000003814697266,0.037000179290771484,0.026999950408935547
0.06800007820129395,0.0410001277923584,0.037999868392944336
0.09099984169006348,0.04400014877319336,0.046000003814697266
0.11299991607666016,0.04800009727478027,0.05499982833862305
0.1380000114440918,0.05200004577636719,0.06399989128112793
0.16299986839294434,0.0559999942779541,0.06699991226196289
0.18499994277954102,0.05900001525878906,0.0709998607635498
0.2089998722076416,0.06299996376037598,0.07399988174438477
0.23199987411499023,0.06700015068054199,0.07699990272521973
0.2539999485015869,0.0710000991821289,0.07999992370605469
0.2779998779296875,0.07400012016296387,0.0839998722076416
0.2999999523162842,0.07800006866455078,0.08699989318847656
0.32399988174438477,0.0820000171661377,0.08999991416931152
0.3489999771118164,0.08599996566772461,0.09299993515014648
0.37199997901916504,0.09000015258789062,0.09599995613098145
0.39499998092651367,0.09400010108947754,0.09999990463256836
0.41700005531311035,0.09800004959106445,0.10299992561340332
0.43899989128112793,0.10199999809265137,0.10599994659423828
0.46199989318847656,0.10600018501281738,0.10899996757507324
0.48399996757507324,0.1100001335144043,0.1119999885559082
0.5069999694824219,0.11300015449523926,0.11500000953674316
0.5290000438690186,0.11700010299682617,0.11899995803833008
0.5529999732971191,0.12100005149841309,0.12199997901916504
0.5750000476837158,0.125,0.125
0.5999999046325684,0.12900018692016602,0.12799978256225586
0.622999906539917,0.13199996948242188,0.13099980354309082
0.6449999809265137,0.1360001564025879,0.13499999046325684
0.6689999103546143,0.1400001049041748,0.1380000114440918
0.6919999122619629,0.14400005340576172,0.14099979400634766
0.7139999866485596,0.14800000190734863,0.14399981498718262
0.7360000610351562,0.15200018882751465,0.14699983596801758
0.7599999904632568,0.15600013732910156,0.14999985694885254
0.7829999923706055,0.16000008583068848,0.15399980545043945
0.806999921798706,0.16300010681152344,0.15799999237060547
0.8309998512268066,0.16700005531311035,0.16100001335144043
0.8529999256134033,0.17100000381469727,0.1639997959136963
0.875,0.17500019073486328,0.1679999828338623
0.9010000228881836,0.17799997329711914,0.17199993133544922
0.9259998798370361,0.18200016021728516,0.17499995231628418
0.9519999027252197,0.18600010871887207,0.17799997329711914
0.9760000705718994,0.19000005722045898,0.18199992179870605
0.997999906539917,0.1940000057220459,0.18499994277954102
1.0199999809265137,0.19800019264221191,0.18799996376037598
1.0460000038146973,0.20200014114379883,0.1919999122619629
1.0720000267028809,0.20600008964538574,0.19499993324279785
1.0959999561309814,0.2109999656677246,0.1979999542236328
1.1180000305175781,0.21500015258789062,0.20099997520446777
1.1440000534057617,0.21900010108947754,0.20399999618530273
1.1700000762939453,0.2220001220703125,0.20799994468688965
1.1949999332427979,0.22600007057189941,0.2109999656677246
1.2170000076293945,0.23000001907348633,0.21399998664855957
1.2400000095367432,0.23399996757507324,0.21700000762939453
1.2630000114440918,0.23800015449523926,0.2199997901916504
1.2860000133514404,0.24200010299682617,0.2239999771118164
1.307999849319458,0.24500012397766113,0.22699999809265137
1.3320000171661377,0.24900007247924805,0.23000001907348633
1.3539998531341553,0.25300002098083496,0.2329998016357422
1.378999948501587,0.2569999694824219,0.2369999885559082
1.4029998779296875,0.2610001564025879,0.24000000953674316
1.4249999523162842,0.2650001049041748,0.24299979209899902
1.4470000267028809,0.2690000534057617,0.24599981307983398
1.4730000495910645,0.2720000743865967,0.2539999485015869
1.496999979019165,0.2760000228881836,0.25999999046325684
1.5190000534057617,0.2799999713897705,0.2649998664855957
1.5420000553131104,0.2840001583099365,0.2689998149871826
1.565000057220459,0.28800010681152344,0.27499985694885254
1.5889999866485596,0.29200005531311035,0.2779998779296875
1.6119999885559082,0.29600000381469727,0.2819998264312744
1.6380000114440918,0.2990000247955322,0.2849998474121094
1.6619999408721924,0.30299997329711914,0.2889997959136963
1.684000015258789,0.30700016021728516,0.29199981689453125
1.7079999446868896,0.31100010871887207,0.29600000381469727
1.7309999465942383,0.315000057220459,0.2989997863769531
1.753000020980835,0.31800007820129395,0.3019998073577881
1.7760000228881836,0.32200002670288086,0.30699992179870605
1.7990000247955322,0.3259999752044678,0.309999942779541
1.8269999027252197,0.3300001621246338,0.3149998188018799
1.8499999046325684,0.3340001106262207,0.31799983978271484
1.871999979019165,0.33700013160705566,0.32199978828430176
1.8940000534057617,0.3410000801086426,0.3249998092651367
1.9170000553131104,0.3450000286102295,0.3279998302459717
1.938999891281128,0.3489999771118164,0.3320000171661377
1.9619998931884766,0.3530001640319824,0.33499979972839355
1.9849998950958252,0.3560001850128174,0.33899998664855957
2.009000062942505,0.3600001335144043,0.34200000762939453
2.0320000648498535,0.3640000820159912,0.3449997901916504
2.053999900817871,0.3680000305175781,0.34799981117248535
2.0769999027252197,0.37199997901916504,0.35199999809265137
2.0980000495910645,0.37600016593933105,0.3559999465942383
2.119999885559082,0.38000011444091797,0.3599998950958252
2.1429998874664307,0.3840000629425049,0.3639998435974121
2.1670000553131104,0.38700008392333984,0.370999813079834
2.188999891281128,0.39100003242492676,0.37599992752075195
2.2130000591278076,0.39499998092651367,0.3819999694824219
2.234999895095825,0.3990001678466797,0.3899998664855957
2.257999897003174,0.40400004386901855,0.39499998092651367
2.2849998474121094,0.4100000858306885,0.39999985694885254
2.309999942779541,0.4160001277923584,0.40399980545043945
2.3329999446868896,0.4200000762939453,0.4089999198913574
2.3559999465942383,0.4240000247955322,0.41299986839294434
2.378000020980835,0.4270000457763672,0.41699981689453125
2.4010000228881836,0.4309999942779541,0.42299985885620117
2.428999900817871,0.4350001811981201,0.4269998073577881
2.4509999752044678,0.43900012969970703,0.4309999942779541
2.4730000495910645,0.44300007820129395,0.43400001525878906
2.494999885559082,0.44700002670288086,0.4369997978210449
2.5190000534057617,0.4509999752044678,0.44099998474121094
2.5409998893737793,0.4550001621246338,0.4440000057220459
2.563999891281128,0.4590001106262207,0.44699978828430176
2.5859999656677246,0.4630000591278076,0.4499998092651367
2.6110000610351562,0.46700000762939453,0.4549999237060547
2.6369998455047607,0.47099995613098145,0.4589998722076416
2.6629998683929443,0.4739999771118164,0.4629998207092285
2.697999954223633,0.4790000915527344,0.4659998416900635
2.7279999256134033,0.4830000400543213,0.4699997901916504
2.750999927520752,0.48800015449523926,0.4739999771118164
2.7739999294281006,0.4910001754760742,0.47699999809265137
2.797999858856201,0.49500012397766113,0.48000001907348633
2.82099986076355,0.49900007247924805,0.4829998016357422
2.8450000286102295,0.503000020980835,0.48799991607666016
2.868000030517578,0.5069999694824219,0.4909999370574951
2.8899998664855957,0.5110001564025879,0.49499988555908203
2.9149999618530273,0.5150001049041748,0.497999906539917
2.940000057220459,0.5180001258850098,0.500999927520752
2.9619998931884766,0.5220000743865967,0.5279998779296875
2.984999895095825,0.5260000228881836,0.5360000133514404
3.006999969482422,0.5299999713897705,0.5389997959136963
3.0299999713897705,0.5329999923706055,0.5419998168945312
3.055999994277954,0.5370001792907715,0.5469999313354492
3.0789999961853027,0.5410001277923584,0.5499999523162842
3.1019999980926514,0.5450000762939453,0.554999828338623
3.124000072479248,0.5490000247955322,0.5590000152587891
3.1459999084472656,0.5520000457763672,0.562999963760376
3.172999858856201,0.5559999942779541,0.5669999122619629
3.197000026702881,0.5600001811981201,0.5699999332427979
3.2189998626708984,0.564000129699707,0.5739998817443848
3.241999864578247,0.567000150680542,0.5769999027252197
3.2690000534057617,0.5710000991821289,0.5799999237060547
3.2960000038146973,0.5750000476837158,0.5939998626708984
3.328000068664551,0.5789999961853027,0.5979998111724854
3.3589999675750732,0.5830001831054688,0.6019999980926514
3.388000011444092,0.5859999656677246,0.6050000190734863
3.4099998474121094,0.5900001525878906,0.6079998016357422
3.432999849319458,0.5940001010894775,0.6109998226165771
3.4619998931884766,0.5980000495910645,0.6139998435974121
3.484999895095825,0.6019999980926514,0.617999792098999
3.509000062942505,0.6050000190734863,0.620999813079834
3.5309998989105225,0.6089999675750732,0.623999834060669
3.552999973297119,0.6130001544952393,0.6279997825622559
3.5769999027252197,0.6170001029968262,0.6319999694824219
3.5989999771118164,0.6200001239776611,0.6439998149871826
3.621999979019165,0.625,0.6480000019073486
3.6440000534057617,0.629000186920166,0.6509997844696045
3.6689999103546143,0.6319999694824219,0.6539998054504395
3.690999984741211,0.6360001564025879,0.6569998264312744
3.7149999141693115,0.6400001049041748,0.6599998474121094
3.736999988555908,0.6440000534057617,0.6639997959136963
3.760999917984009,0.6470000743865967,0.6679999828338623
3.7829999923706055,0.6510000228881836,0.6719999313354492
3.805999994277954,0.6549999713897705,0.6749999523162842
3.8289999961853027,0.6590001583099365,0.6809999942779541
3.8519999980926514,0.6620001792907715,0.687999963760376
3.875,0.6660001277923584,0.6969997882843018
3.8999998569488525,0.6700000762939453,0.6999998092651367
3.922999858856201,0.6730000972747803,0.7039999961853027
3.944999933242798,0.6770000457763672,0.7070000171661377
3.9679999351501465,0.6809999942779541,0.7099997997283936
3.990999937057495,0.6850001811981201,0.7139999866485596
4.013000011444092,0.687999963760376,0.7189998626708984
4.034999847412109,0.692000150680542,0.7219998836517334
4.056999921798706,0.6960000991821289,0.7249999046325684
4.082000017166138,0.7000000476837158,0.7279999256134033
4.105999946594238,0.7030000686645508,0.7319998741149902
4.136999845504761,0.7080001831054688,0.7349998950958252
4.158999919891357,0.7120001316070557,0.7379999160766602
4.180999994277954,0.7160000801086426,0.7419998645782471
4.204999923706055,0.7190001010894775,0.744999885559082
4.240000009536743,0.7230000495910645,0.747999906539917
4.263000011444092,0.7269999980926514,0.750999927520752
4.289999961853027,0.7310001850128174,0.7539999485015869
4.312999963760376,0.7350001335144043,0.7579998970031738
4.335999965667725,0.7380001544952393,0.7609999179840088
4.359999895095825,0.7420001029968262,0.7639999389648438
4.382999897003174,0.7460000514984131,0.7669999599456787
4.4059998989105225,0.749000072479248,0.7699999809265137
4.428999900817871,0.753000020980835,0.7730000019073486
4.453000068664551,0.7569999694824219,0.7759997844696045
4.476000070571899,0.7610001564025879,0.7799999713897705
4.500999927520752,0.7640001773834229,0.7829999923706055
4.5249998569488525,0.7680001258850098,0.7860000133514404
4.549999952316284,0.7720000743865967,0.7889997959136963
4.575000047683716,0.7750000953674316,0.7919998168945312
4.5980000495910645,0.7790000438690186,0.7949998378753662
4.61899995803833,0.7829999923706055,0.7999999523162842
4.641999959945679,0.7860000133514404,0.8029999732971191
4.664999961853027,0.7899999618530273,0.8059999942779541
4.687000036239624,0.7940001487731934,0.8090000152587891
4.708999872207642,0.7980000972747803,0.8119997978210449
4.73199987411499,0.8010001182556152,0.8149998188018799
4.756999969482422,0.8050000667572021,0.8190000057220459
4.7790000438690186,0.8090000152587891,0.8219997882843018
4.800999879837036,0.812999963760376,0.8249998092651367
4.823999881744385,0.8159999847412109,0.8279998302459717
4.8459999561309814,0.820000171661377,0.8320000171661377
4.869999885559082,0.8240001201629639,0.8349997997283936
4.891999959945679,0.8280000686645508,0.8379998207092285
4.914999961853027,0.8310000896453857,0.8409998416900635
4.937999963760376,0.8350000381469727,0.8439998626708984
4.963000059127808,0.8389999866485596,0.8479998111724854
4.986000061035156,0.8430001735687256,0.8509998321533203
5.009999990463257,0.8459999561309814,0.8539998531341553
5.0320000648498535,0.8500001430511475,0.8569998741149902
5.055000066757202,0.8540000915527344,0.8599998950958252
5.07699990272522,0.8570001125335693,0.8629999160766602
5.101000070571899,0.8610000610351562,0.8669998645782471
5.122999906539917,0.8650000095367432,0.869999885559082
5.144999980926514,0.8689999580383301,0.872999906539917
5.168999910354614,0.871999979019165,0.8769998550415039
5.190999984741211,0.876000165939331,0.8799998760223389
5.213000059127808,0.880000114440918,0.8829998970031738
5.236000061035156,0.8830001354217529,0.8859999179840088
5.259000062942505,0.8870000839233398,0.8889999389648438
5.2820000648498535,0.8910000324249268,0.8919999599456787
5.303999900817871,0.8949999809265137,0.8949999809265137
5.328999996185303,0.8980000019073486,0.8999998569488525
5.351000070571899,0.9020001888275146,0.9029998779296875
5.375999927520752,0.9060001373291016,0.9059998989105225
5.398999929428101,0.9100000858306885,0.9089999198913574
5.424999952316284,0.9130001068115234,0.9119999408721924
5.447000026702881,0.9170000553131104,0.9149999618530273
5.4700000286102295,0.9210000038146973,0.9189999103546143
5.491999864578247,0.9240000247955322,0.9219999313354492
5.513999938964844,0.9279999732971191,0.9249999523162842
5.536999940872192,0.9320001602172852,0.9279999732971191
5.560999870300293,0.9360001087188721,0.9309999942779541
5.58299994468689,0.939000129699707,0.934999942779541
5.605999946594238,0.943000078201294,0.937999963760376
5.628999948501587,0.9470000267028809,0.9409999847412109
5.651000022888184,0.9509999752044678,0.9440000057220459
5.672999858856201,0.9550001621246338,0.9469997882843018
5.694999933242798,0.9580001831054688,0.9499998092651367
5.7179999351501465,0.9620001316070557,0.9529998302459717
5.740999937057495,0.9660000801086426,0.9570000171661377
5.766000032424927,0.9700000286102295,0.9599997997283936
5.787999868392944,0.9739999771118164,0.9629998207092285
5.810999870300293,0.9769999980926514,0.9659998416900635
5.83299994468689,0.9810001850128174,0.9699997901916504
5.853999853134155,0.9850001335144043,0.9729998111724854
5.881999969482422,0.9880001544952393,0.9759998321533203
5.9040000438690186,0.9920001029968262,0.9789998531341553
5.927000045776367,0.9960000514984131,0.9829998016357422
5.950999975204468,1.0,0.9859998226165771
5.974999904632568,1.004000186920166,0.9889998435974121
5.996999979019165,1.0069999694824219,0.9919998645782471
6.019000053405762,1.011000156402588,0.994999885559082
6.045000076293945,1.0150001049041748,1.0
6.075000047683716,1.0180001258850098,1.003999948501587
6.111000061035156,1.0220000743865967,1.0069999694824219
6.138999938964844,1.0260000228881836,1.0099999904632568
6.161999940872192,1.0299999713897705,1.0130000114440918
6.184000015258789,1.0329999923706055,1.0169999599456787
6.213000059127808,1.0370001792907715,1.0199999809265137
6.269999980926514,1.0410001277923584,1.0230000019073486
6.299999952316284,1.0450000762939453,1.0269999504089355
6.335999965667725,1.0490000247955322,1.0299999713897705
6.363999843597412,1.0520000457763672,1.0329999923706055
6.398000001907349,1.055999994277954,1.0360000133514404
6.421999931335449,1.0600001811981201,1.0389997959136963
6.44599986076355,1.062999963760376,1.0419998168945312
6.4679999351501465,1.067000150680542,1.0460000038146973
6.496999979019165,1.071000099182129,1.0489997863769531
6.519000053405762,1.0750000476837158,1.051999807357788
6.542999982833862,1.0789999961853027,1.054999828338623
6.565999984741211,1.0820000171661377,1.059000015258789
6.588000059127808,1.0859999656677246,1.061999797821045
6.608999967575073,1.0900001525878906,1.0649998188018799
6.63100004196167,1.0940001010894775,1.0679998397827148
6.6540000438690186,1.0980000495910645,1.0709998607635498
6.677999973297119,1.1010000705718994,1.0739998817443848
6.70199990272522,1.1050000190734863,1.0779998302459717
6.723999977111816,1.1089999675750732,1.0809998512268066
6.751999855041504,1.1119999885559082,1.0839998722076416
6.7790000438690186,1.1160001754760742,1.0869998931884766
6.809999942779541,1.1200001239776611,1.0899999141693115
6.83299994468689,1.124000072479248,1.0939998626708984
6.855999946594238,1.128000020980835,1.0969998836517334
6.882999897003174,1.13100004196167,1.0999999046325684
6.9059998989105225,1.1349999904632568,1.1029999256134033
6.931999921798706,1.1390001773834229,1.1069998741149902
6.953999996185303,1.1419999599456787,1.1099998950958252
6.976999998092651,1.1460001468658447,1.113999843597412
6.999000072479248,1.1500000953674316,1.117999792098999
7.020999908447266,1.1540000438690186,1.120999813079834
7.042999982833862,1.1570000648498535,1.123999834060669
7.065999984741211,1.1610000133514404,1.1279997825622559
7.08899998664856,1.1649999618530273,1.1309998035430908
7.111999988555908,1.1690001487731934,1.1339998245239258
7.135999917984009,1.1720001697540283,1.1369998455047607
7.161999940872192,1.1760001182556152,1.1409997940063477
7.185999870300293,1.1800000667572021,1.1449999809265137
7.208999872207642,1.184000015258789,1.1480000019073486
7.23199987411499,1.187000036239624,1.1509997844696045
7.253999948501587,1.190999984741211,1.1539998054504395
7.276000022888184,1.195000171661377,1.1569998264312744
7.297999858856201,1.1990001201629639,1.1610000133514404
7.32099986076355,1.2030000686645508,1.1639997959136963
7.346999883651733,1.2070000171661377,1.1669998168945312
7.36899995803833,1.2109999656677246,1.1699998378753662
7.391000032424927,1.2150001525878906,1.1729998588562012
7.414000034332275,1.2200000286102295,1.1759998798370361
7.437000036239624,1.2260000705718994,1.178999900817871
7.458999872207642,1.2300000190734863,1.181999921798706
7.480999946594238,1.2339999675750732,1.185999870300293
7.503000020980835,1.2380001544952393,1.188999891281128
7.5269999504089355,1.2420001029968262,1.191999912261963
7.547999858856201,1.246000051498413,1.1949999332427979
7.569999933242798,1.249000072479248,1.1979999542236328
7.5920000076293945,1.253000020980835,1.2019999027252197
7.613999843597412,1.2569999694824219,1.2049999237060547
7.636999845504761,1.261000156402588,1.2089998722076416
7.658999919891357,1.2640001773834229,1.2119998931884766
7.680999994277954,1.2680001258850098,1.2149999141693115
7.70199990272522,1.2720000743865967,1.2179999351501465
7.726999998092651,1.2760000228881836,1.2209999561309814
7.749000072479248,1.2790000438690186,1.2239999771118164
7.769999980926514,1.2829999923706055,1.2279999256134033
7.792999982833862,1.2870001792907715,1.2309999465942383
7.813999891281128,1.2910001277923584,1.2339999675750732
7.835999965667725,1.2950000762939453,1.238999843597412
7.858999967575073,1.2990000247955322,1.241999864578247
7.879999876022339,1.3020000457763672,1.244999885559082
7.9029998779296875,1.305999994277954,1.247999906539917
7.925999879837036,1.3100001811981201,1.251999855041504
7.947999954223633,1.314000129699707,1.2549998760223389
7.9709999561309814,1.318000078201294,1.2579998970031738
7.996999979019165,1.321000099182129,1.2609999179840088
8.019999980926514,1.3250000476837158,1.2639999389648438
8.04200005531311,1.3289999961853027,1.2669999599456787
8.065000057220459,1.3330001831054688,1.2709999084472656
8.088000059127808,1.3359999656677246,1.2739999294281006
8.109999895095825,1.3400001525878906,1.2769999504089355
8.134000062942505,1.3440001010894775,1.2799999713897705
8.157000064849854,1.3470001220703125,1.2839999198913574
8.17799997329712,1.3510000705718994,1.2869999408721924
8.200000047683716,1.3550000190734863,1.2899999618530273
8.223000049591064,1.3589999675750732,1.2929999828338623
8.244999885559082,1.3619999885559082,1.2960000038146973
8.26799988746643,1.3660001754760742,1.2989997863769531
8.289999961853027,1.3700001239776611,1.3029999732971191
8.313999891281128,1.374000072479248,1.305999994277954
8.335999965667725,1.377000093460083,1.309000015258789
8.358000040054321,1.38100004196167,1.311999797821045
8.381999969482422,1.3849999904632568,1.315999984741211
8.402999877929688,1.3890001773834229,1.319000005722046
8.424999952316284,1.3930001258850098,1.3229999542236328
8.44700002670288,1.3960001468658447,1.3259999752044678
8.468999862670898,1.4000000953674316,1.3289999961853027
8.490999937057495,1.4040000438690186,1.3339998722076416
8.514999866485596,1.4079999923706055,1.3379998207092285
8.536999940872192,1.4120001792907715,1.3420000076293945
8.557999849319458,1.4149999618530273,1.3449997901916504
8.580999851226807,1.4190001487731934,1.3479998111724854
8.608000040054321,1.4230000972747803,1.3509998321533203
8.629999876022339,1.4270000457763672,1.3550000190734863
8.651000022888184,1.430999994277954,1.3579998016357422
8.674000024795532,1.4350001811981201,1.3609998226165771
8.69599986076355,1.439000129699707,1.363999843597412
8.72000002861023,1.443000078201294,1.366999864578247
8.746999979019165,1.446000099182129,1.369999885559082
8.769000053405762,1.4500000476837158,1.372999906539917
8.79099988937378,1.4539999961853027,1.376999855041504
8.813999891281128,1.4580001831054688,1.3799998760223389
8.835999965667725,1.4609999656677246,1.3829998970031738
8.858000040054321,1.4650001525878906,1.3859999179840088
8.879999876022339,1.4690001010894775,1.3889999389648438
8.902999877929688,1.4730000495910645,1.3919999599456787
8.925999879837036,1.4760000705718994,1.3949999809265137
8.950000047683716,1.4800000190734863,1.3980000019073486
8.970999956130981,1.4839999675750732,1.4009997844696045
8.99399995803833,1.4869999885559082,1.4049999713897705
9.016000032424927,1.4910001754760742,1.4079999923706055
9.039000034332275,1.4950001239776611,1.4110000133514404
9.060999870300293,1.499000072479248,1.4149999618530273
9.08299994468689,1.503000020980835,1.4179999828338623
9.105000019073486,1.50600004196167,1.4210000038146973
9.128000020980835,1.5099999904632568,1.4239997863769531
9.151000022888184,1.5140001773834229,1.426999807357788
9.172999858856201,1.5180001258850098,1.431999921798706
9.194999933242798,1.5210001468658447,1.434999942779541
9.217000007629395,1.5250000953674316,1.437999963760376
9.238999843597412,1.5290000438690186,1.440999984741211
9.26199984550476,1.5329999923706055,1.444000005722046
9.28499984741211,1.5360000133514404,1.4479999542236328
9.307999849319458,1.5399999618530273,1.4509999752044678
9.332000017166138,1.5440001487731934,1.4539999961853027
9.353999853134155,1.5480000972747803,1.4570000171661377
9.376999855041504,1.5510001182556152,1.4599997997283936
9.3989999294281,1.5550000667572021,1.4629998207092285
9.42199993133545,1.559000015258789,1.4670000076293945
9.444000005722046,1.562000036239624,1.4699997901916504
9.465999841690063,1.565999984741211,1.4729998111724854
9.488999843597412,1.570000171661377,1.4759998321533203
9.510999917984009,1.5740001201629639,1.4789998531341553
9.53499984741211,1.5780000686645508,1.4819998741149902
9.556999921798706,1.5810000896453857,1.4859998226165771
9.578999996185303,1.5850000381469727,1.488999843597412
9.6010000705719,1.5889999866485596,1.491999864578247
9.625,1.5930001735687256,1.494999885559082
9.647000074386597,1.5970001220703125,1.497999906539917
9.668999910354614,1.6000001430511475,1.500999927520752
9.690999984741211,1.6040000915527344,1.503999948501587
9.713000059127808,1.6080000400543213,1.5079998970031738
9.73799991607666,1.6119999885559082,1.5109999179840088
9.760999917984009,1.6160001754760742,1.5139999389648438
9.782999992370605,1.6200001239776611,1.5169999599456787
9.805000066757202,1.623000144958496,1.5199999809265137
9.82699990272522,1.627000093460083,1.5230000019073486
9.849999904632568,1.63100004196167,1.5259997844696045
9.871999979019165,1.6349999904632568,1.5309998989105225
9.894000053405762,1.6380000114440918,1.5339999198913574
9.91599988937378,1.6419999599456787,1.5369999408721924
9.938999891281128,1.6460001468658447,1.5399999618530273
9.961999893188477,1.6500000953674316,1.5429999828338623
9.983000040054321,1.6530001163482666,1.5469999313354492
10.00600004196167,1.6570000648498535,1.5499999523162842
10.027999877929688,1.6610000133514404,1.5529999732971191
10.049999952316284,1.6649999618530273,1.555999994277954
10.072999954223633,1.6690001487731934,1.559000015258789
10.09500002861023,1.6720001697540283,1.561999797821045
10.11899995803833,1.6760001182556152,1.565999984741211
10.141000032424927,1.6800000667572021,1.569000005722046
10.164000034332275,1.683000087738037,1.5729999542236328
10.187000036239624,1.687000036239624,1.5759999752044678
10.208999872207642,1.690999984741211,1.5789999961853027
10.23199987411499,1.695000171661377,1.5820000171661377
10.254999876022339,1.6990001201629639,1.5859999656677246
10.276999950408936,1.7030000686645508,1.5889999866485596
10.300999879837036,1.7070000171661377,1.5929999351501465
10.323999881744385,1.7109999656677246,1.5959999561309814
10.346999883651733,1.7150001525878906,1.5989999771118164
10.368000030517578,1.7190001010894775,1.6019999980926514
10.389999866485596,1.7220001220703125,1.6050000190734863
10.412999868392944,1.7260000705718994,1.6089999675750732
10.435999870300293,1.7300000190734863,1.6119999885559082
10.45799994468689,1.7330000400543213,1.6150000095367432
10.478999853134155,1.7369999885559082,1.617999792098999
10.501999855041504,1.7410001754760742,1.621999979019165
10.524999856948853,1.7450001239776611,1.625
10.547999858856201,1.748000144958496,1.6279997825622559
10.569999933242798,1.752000093460083,1.6309998035430908
10.593999862670898,1.75600004196167,1.6339998245239258
10.615999937057495,1.7590000629425049,1.6380000114440918
10.638000011444092,1.7630000114440918,1.6419999599456787
10.66100001335144,1.7669999599456787,1.6449999809265137
10.684000015258789,1.7710001468658447,1.6480000019073486
10.705999851226807,1.7740001678466797,1.6509997844696045
10.730000019073486,1.7780001163482666,1.6539998054504395
10.751999855041504,1.7820000648498535,1.6579999923706055
10.774999856948853,1.7850000858306885,1.6610000133514404
10.79699993133545,1.7890000343322754,1.6639997959136963
10.82099986076355,1.7929999828338623,1.6669998168945312
10.842999935150146,1.7970001697540283,1.6699998378753662
10.865999937057495,1.8010001182556152,1.6729998588562012
10.888000011444092,1.8040001392364502,1.676999807357788
10.912999868392944,1.808000087738037,1.679999828338623
10.941999912261963,1.812000036239624,1.682999849319458
10.96399998664856,1.815999984741211,1.685999870300293
10.986000061035156,1.819000005722046,1.6899998188018799
11.009000062942505,1.823000192642212,1.6929998397827148
11.030999898910522,1.8270001411437988,1.6959998607635498
11.053999900817871,1.8310000896453857,1.6989998817443848
11.075999975204468,1.8370001316070557,1.7019999027252197
11.098999977111816,1.8430001735687256,1.7049999237060547
11.121000051498413,1.8500001430511475,1.7089998722076416
11.144000053405762,1.8560001850128174,1.7119998931884766
11.16599988937378,1.8610000610351562,1.7149999141693115
11.187999963760376,1.8650000095367432,1.7179999351501465
11.210999965667725,1.86899995803833,1.7219998836517334
11.233000040054321,1.873000144958496,1.7249999046325684
11.254999876022339,1.877000093460083,1.7279999256134033
11.276999950408936,1.88100004196167,1.7309999465942383
11.299999952316284,1.8840000629425049,1.7349998950958252
11.323999881744385,1.8880000114440918,1.7379999160766602
11.348000049591064,1.8919999599456787,1.7409999370574951
11.369999885559082,1.8960001468658447,1.74399995803833
11.391999959945679,1.9000000953674316,1.747999906539917
11.414000034332275,1.9060001373291016,1.751999855041504
11.437999963760376,1.9130001068115234,1.7549998760223389
11.458999872207642,1.9190001487731934,1.7579998970031738
11.48199987411499,1.9240000247955322,1.7609999179840088
11.503999948501587,1.9279999732971191,1.7639999389648438
11.527999877929688,1.9320001602172852,1.7679998874664307
11.552000045776367,1.9350001811981201,1.7709999084472656
11.573999881744385,1.939000129699707,1.7739999294281006
11.595999956130981,1.943000078201294,1.7769999504089355
11.61899995803833,1.9470000267028809,1.7799999713897705
11.641999959945679,1.9500000476837158,1.7829999923706055
11.66599988937378,1.9539999961853027,1.7860000133514404
11.687999963760376,1.9580001831054688,1.7899999618530273
11.710999965667725,1.9620001316070557,1.7929999828338623
11.734999895095825,1.9650001525878906,1.7960000038146973
11.756999969482422,1.9690001010894775,1.7989997863769531
11.77999997138977,1.9730000495910645,1.801999807357788
11.802000045776367,1.9769999980926514,1.804999828338623
11.822999954223633,1.9800000190734863,1.807999849319458
11.84500002861023,1.9839999675750732,1.810999870300293
11.868000030517578,1.9880001544952393,1.8149998188018799
11.889999866485596,1.9920001029968262,1.8179998397827148
11.912999868392944,1.9950001239776611,1.8209998607635498
11.935999870300293,1.999000072479248,1.8249998092651367
11.95799994468689,2.003000020980835,1.8279998302459717
11.980999946594238,2.006999969482422,1.8320000171661377
12.003000020980835,2.009999990463257,1.8359999656677246
12.024999856948853,2.014000177383423,1.8399999141693115
12.047999858856201,2.0180001258850098,1.8429999351501465
12.069999933242798,2.0210001468658447,1.8459999561309814
12.092000007629395,2.0250000953674316,1.8499999046325684
12.115000009536743,2.0290000438690186,1.8529999256134033
12.138000011444092,2.0340001583099365,1.8559999465942383
12.15999984741211,2.0380001068115234,1.8589999675750732
12.181999921798706,2.0420000553131104,1.8619999885559082
12.204999923706055,2.0460000038146973,1.8650000095367432
12.226999998092651,2.0490000247955322,1.86899995803833
12.249000072479248,2.052999973297119,1.871999979019165
12.270999908447266,2.057000160217285,1.875999927520752
12.292999982833862,2.061000108718872,1.878999948501587
12.315000057220459,2.064000129699707,1.8829998970031738
12.339999914169312,2.068000078201294,1.8859999179840088
12.361999988555908,2.072000026702881,1.8899998664855957
12.384000062942505,2.0759999752044678,1.8959999084472656
12.407000064849854,2.0789999961853027,1.8999998569488525
12.430999994277954,2.0830001831054688,1.9039998054504395
12.45300006866455,2.0870001316070557,1.9069998264312744
12.4760000705719,2.0900001525878906,1.9099998474121094
12.499000072479248,2.0940001010894775,1.9129998683929443
12.522000074386597,2.0980000495910645,1.9169998168945312
12.546000003814697,2.1019999980926514,1.9199998378753662
12.568000078201294,2.1060001850128174,1.9229998588562012
12.589999914169312,2.1089999675750732,1.9259998798370361
12.611000061035156,2.1130001544952393,1.928999900817871
12.634000062942505,2.117000102996826,1.932999849319458
12.657000064849854,2.121000051498413,1.935999870300293
12.678999900817871,2.125,1.938999891281128
12.700999975204468,2.128000020980835,1.9429998397827148
12.723999977111816,2.131999969482422,1.9459998607635498
12.746000051498413,2.136000156402588,1.9489998817443848
12.769000053405762,2.140000104904175,1.9519999027252197
12.79099988937378,2.1430001258850098,1.9549999237060547
12.813999891281128,2.1470000743865967,1.9579999446868896
12.835999965667725,2.1510000228881836,1.9609999656677246
12.858000040054321,2.1549999713897705,1.9649999141693115
12.879999876022339,2.1590001583099365,1.9679999351501465
12.901999950408936,2.1620001792907715,1.9709999561309814
12.925999879837036,2.1660001277923584,1.9739999771118164
12.948999881744385,2.1700000762939453,1.9769999980926514
12.970999956130981,2.1740000247955322,1.9800000190734863
12.993000030517578,2.177000045776367,1.9839999675750732
13.014999866485596,2.180999994277954,1.9900000095367432
13.036999940872192,2.18500018119812,1.992999792098999
13.059999942779541,2.187999963760376,1.997999906539917
13.082000017166138,2.192000150680542,2.001999855041504
13.103999853134155,2.196000099182129,2.004999876022339
13.128000020980835,2.200000047683716,2.008999824523926
13.15499997138977,2.2039999961853027,2.0119998455047607
13.184000015258789,2.2070000171661377,2.0149998664855957
13.208999872207642,2.2109999656677246,2.0189998149871826
13.230999946594238,2.2150001525878906,2.0219998359680176
13.256999969482422,2.2180001735687256,2.0249998569488525
13.27999997138977,2.2220001220703125,2.0279998779296875
13.302000045776367,2.2260000705718994,2.0319998264312744
13.32699990272522,2.2300000190734863,2.0349998474121094
13.348999977111816,2.2339999675750732,2.0379998683929443
13.372999906539917,2.236999988555908,2.0419998168945312
13.394999980926514,2.241000175476074,2.044999837875366
13.41700005531311,2.245000123977661,2.048999786376953
13.440000057220459,2.249000072479248,2.051999807357788
13.463000059127808,2.252000093460083,2.055999994277954
13.484999895095825,2.25600004196167,2.059000015258789
13.507999897003174,2.259999990463257,2.061999797821045
13.52999997138977,2.265000104904175,2.065999984741211
13.553999900817871,2.2680001258850098,2.069000005722046
13.575999975204468,2.2720000743865967,2.0719997882843018
13.598000049591064,2.2760000228881836,2.0749998092651367
13.619999885559082,2.2799999713897705,2.0789999961853027
13.641999959945679,2.2829999923706055,2.0820000171661377
13.664000034332275,2.2870001792907715,2.0849997997283936
13.687999963760376,2.2910001277923584,2.0879998207092285
13.708999872207642,2.2950000762939453,2.0920000076293945
13.730999946594238,2.2990000247955322,2.0949997901916504
13.754999876022339,2.302000045776367,2.0979998111724854
13.777999877929688,2.305999994277954,2.1019999980926514
13.799999952316284,2.31000018119812,2.1050000190734863
13.82200002670288,2.314000129699707,2.107999801635742
13.84500002861023,2.318000078201294,2.110999822616577
13.869999885559082,2.321000099182129,2.115000009536743
13.89299988746643,2.325000047683716,2.117999792098999
13.914999961853027,2.3289999961853027,2.122999906539917
13.937000036239624,2.3330001831054688,2.125999927520752
13.960999965667725,2.3359999656677246,2.128999948501587
13.983000040054321,2.3400001525878906,2.131999969482422
14.00600004196167,2.3440001010894775,2.134999990463257
14.026999950408936,2.3480000495910645,2.1389999389648438
14.049000024795532,2.3510000705718994,2.1419999599456787
14.07099986076355,2.3550000190734863,2.1449999809265137
14.093999862670898,2.3589999675750732,2.1480000019073486
14.116999864578247,2.3630001544952393,2.1509997844696045
14.138999938964844,2.367000102996826,2.1539998054504395
14.162999868392944,2.371000051498413,2.1579999923706055
14.185999870300293,2.375,2.1610000133514404
14.20799994468689,2.379000186920166,2.1639997959136963
14.230999946594238,2.383000135421753,2.1669998168945312
14.253000020980835,2.38700008392334,2.169999837875366
14.274999856948853,2.390000104904175,2.173999786376953
14.297999858856201,2.3940000534057617,2.176999807357788
14.319999933242798,2.3980000019073486,2.179999828338623
14.34500002861023,2.4020001888275146,2.182999849319458
14.368000030517578,2.4049999713897705,2.185999870300293
14.389999866485596,2.4090001583099365,2.18999981880188
14.411999940872192,2.4130001068115234,2.192999839782715
14.434000015258789,2.4170000553131104,2.19599986076355
14.455999851226807,2.4200000762939453,2.1989998817443848
14.477999925613403,2.4240000247955322,2.2019999027252197
14.500999927520752,2.427999973297119,2.2049999237060547
14.523000001907349,2.432000160217285,2.2079999446868896
14.54699993133545,2.436000108718872,2.2129998207092285
14.569999933242798,2.442000150680542,2.2170000076293945
14.592000007629395,2.449000120162964,2.2199997901916504
14.613999843597412,2.455000162124634,2.2229998111724854
14.635999917984009,2.4620001316070557,2.2259998321533203
14.658999919891357,2.4680001735687256,2.2300000190734863
14.680999994277954,2.4730000495910645,2.232999801635742
14.703999996185303,2.4769999980926514,2.235999822616577
14.7260000705719,2.4810001850128174,2.238999843597412
14.75,2.4850001335144043,2.241999864578247
14.772000074386597,2.489000082015991,2.244999885559082
14.793999910354614,2.493000030517578,2.247999906539917
14.816999912261963,2.496999979019165,2.251999855041504
14.83899998664856,2.501000165939331,2.254999876022339
14.861000061035156,2.505000114440918,2.257999897003174
14.882999897003174,2.508000135421753,2.260999917984009
14.90499997138977,2.51200008392334,2.2639999389648438
14.927000045776367,2.5160000324249268,2.2669999599456787
14.95199990272522,2.5190000534057617,2.2699999809265137
14.973999977111816,2.5230000019073486,2.2730000019073486
14.996000051498413,2.5270001888275146,2.2759997844696045
15.01799988746643,2.5310001373291016,2.2799999713897705
15.039999961853027,2.5340001583099365,2.2829999923706055
15.062999963760376,2.5380001068115234,2.2860000133514404
15.085000038146973,2.5420000553131104,2.2889997959136963
15.10699987411499,2.5460000038146973,2.2919998168945312
15.128999948501587,2.5490000247955322,2.294999837875366
15.151999950408936,2.552999973297119,2.297999858856201
15.174999952316284,2.557000160217285,2.300999879837036
15.197999954223633,2.561000108718872,2.305999994277954
15.220999956130981,2.565000057220459,2.309000015258789
15.243000030517578,2.568000078201294,2.311999797821045
15.264999866485596,2.572000026702881,2.31499981880188
15.286999940872192,2.5759999752044678,2.317999839782715
15.309999942779541,2.5789999961853027,2.32099986076355
15.333999872207642,2.5830001831054688,2.3239998817443848
15.361000061035156,2.5870001316070557,2.3269999027252197
15.382999897003174,2.5910000801086426,2.3299999237060547
15.40499997138977,2.5940001010894775,2.3339998722076416
15.42799997329712,2.5980000495910645,2.3369998931884766
15.450000047683716,2.6019999980926514,2.3399999141693115
15.471999883651733,2.6060001850128174,2.3429999351501465
15.49399995803833,2.6089999675750732,2.3459999561309814
15.516000032424927,2.6130001544952393,2.3499999046325684
15.539000034332275,2.617000102996826,2.3529999256134033
15.562999963760376,2.621000051498413,2.3559999465942383
15.585000038146973,2.626000165939331,2.3589999675750732
15.60699987411499,2.629000186920166,2.361999988555908
15.628999948501587,2.633000135421753,2.365000009536743
15.651000022888184,2.63700008392334,2.36899995803833
15.674000024795532,2.6410000324249268,2.371999979019165
15.69599986076355,2.6449999809265137,2.375
15.717999935150146,2.6480000019073486,2.377999782562256
15.740999937057495,2.6520001888275146,2.380999803543091
15.764999866485596,2.6560001373291016,2.383999824523926
15.786999940872192,2.6600000858306885,2.3869998455047607
15.809000015258789,2.6630001068115234,2.3909997940063477
15.830999851226807,2.6670000553131104,2.3939998149871826
15.852999925613403,2.6710000038146973,2.3980000019073486
15.875,2.6740000247955322,2.4009997844696045
15.897000074386597,2.677999973297119,2.4039998054504395
15.920000076293945,2.682000160217285,2.4069998264312744
15.941999912261963,2.686000108718872,2.4099998474121094
15.965999841690063,2.689000129699707,2.4129998683929443
15.98799991607666,2.693000078201294,2.4159998893737793
16.009999990463257,2.698000192642212,2.419999837875366
16.032999992370605,2.7009999752044678,2.422999858856201
16.055000066757202,2.705000162124634,2.425999879837036
16.078999996185303,2.7090001106262207,2.428999900817871
16.1010000705719,2.7139999866485596,2.431999921798706
16.122999906539917,2.7170000076293945,2.434999942779541
16.145999908447266,2.7209999561309814,2.438999891281128
16.168999910354614,2.7250001430511475,2.441999912261963
16.191999912261963,2.7290000915527344,2.444999933242798
16.21399998664856,2.7320001125335693,2.447999954223633
16.236000061035156,2.7360000610351562,2.4509999752044678
16.257999897003174,2.740000009536743,2.4549999237060547
16.280999898910522,2.74399995803833,2.4579999446868896
16.30399990081787,2.746999979019165,2.4609999656677246
16.325999975204468,2.751000165939331,2.4639999866485596
16.34999990463257,2.755000114440918,2.4670000076293945
16.371999979019165,2.758000135421753,2.4699997901916504
16.39400005340576,2.76200008392334,2.4729998111724854
16.41700005531311,2.7660000324249268,2.4759998321533203
16.44000005722046,2.7699999809265137,2.4789998531341553
16.461999893188477,2.7730000019073486,2.4819998741149902
16.483999967575073,2.7770001888275146,2.484999895095825
16.50600004196167,2.7810001373291016,2.488999843597412
16.52900004386902,2.7840001583099365,2.491999864578247
16.55399990081787,2.7880001068115234,2.494999885559082
16.575999975204468,2.7920000553131104,2.498999834060669
16.598000049591064,2.7960000038146973,2.501999855041504
16.61899995803833,2.8000001907348633,2.504999876022339
16.64199995994568,2.802999973297119,2.507999897003174
16.664999961853027,2.807000160217285,2.510999917984009
16.687000036239624,2.811000108718872,2.5139999389648438
16.70899987220764,2.814000129699707,2.5179998874664307
16.73099994659424,2.818000078201294,2.5209999084472656
16.75499987602234,2.822000026702881,2.5239999294281006
16.776999950408936,2.8259999752044678,2.5269999504089355
16.799999952316284,2.830000162124634,2.5329999923706055
16.823999881744385,2.8330001831054688,2.5360000133514404
16.84599995613098,2.8370001316070557,2.5399999618530273
16.868000030517578,2.8410000801086426,2.5429999828338623
16.889999866485596,2.8450000286102295,2.546999931335449
16.911999940872192,2.8489999771118164,2.550999879837036
16.937000036239624,2.8519999980926514,2.553999900817871
16.95899987220764,2.8560001850128174,2.556999921798706
16.98099994659424,2.8600001335144043,2.559999942779541
17.003000020980835,2.864000082015991,2.56499981880188
17.026000022888184,2.867000102996826,2.567999839782715
17.0479998588562,2.871000051498413,2.57099986076355
17.069999933242798,2.875,2.5739998817443848
17.092999935150146,2.879000186920166,2.5769999027252197
17.115000009536743,2.883000135421753,2.5799999237060547
17.138999938964844,2.886000156402588,2.5839998722076416
17.16100001335144,2.890000104904175,2.5869998931884766
17.182999849319458,2.8940000534057617,2.5899999141693115
17.207000017166138,2.8980000019073486,2.5929999351501465
17.228999853134155,2.9020001888275146,2.5959999561309814
17.250999927520752,2.9060001373291016,2.5989999771118164
17.27300000190735,2.9090001583099365,2.6019999980926514
17.295000076293945,2.9130001068115234,2.6050000190734863
17.319000005722046,2.9170000553131104,2.6089999675750732
17.342999935150146,2.9210000038146973,2.611999988555908
17.365000009536743,2.9240000247955322,2.615000009536743
17.38699984550476,2.927999973297119,2.617999792098999
17.408999919891357,2.932000160217285,2.620999813079834
17.430999994277954,2.937000036239624,2.623999834060669
17.45300006866455,2.940000057220459,2.626999855041504
17.4760000705719,2.944000005722046,2.629999876022339
17.497999906539917,2.948000192642212,2.633999824523926
17.51900005340576,2.9509999752044678,2.6369998455047607
17.543999910354614,2.955000162124634,2.6399998664855957
17.57099986076355,2.9590001106262207,2.6439998149871826
17.592999935150146,2.9620001316070557,2.6469998359680176
17.615000009536743,2.9660000801086426,2.6499998569488525
17.63699984550476,2.9700000286102295,2.6529998779296875
17.65999984741211,2.9739999771118164,2.6559998989105225
17.681999921798706,2.9769999980926514,2.6589999198913574
17.703999996185303,2.9810001850128174,2.6629998683929443
17.7260000705719,2.9850001335144043,2.6659998893737793
17.749000072479248,2.9880001544952393,2.6689999103546143
17.772000074386597,2.992000102996826,2.671999931335449
17.795000076293945,2.996000051498413,2.674999952316284
17.816999912261963,3.0,2.678999900817871
17.838000059127808,3.004000186920166,2.681999921798706
17.859999895095825,3.006999969482422,2.684999942779541
17.881999969482422,3.011000156402588,2.688999891281128
17.90499997138977,3.015000104904175,2.691999912261963
17.927000045776367,3.0180001258850098,2.694999933242798
17.950000047683716,3.0220000743865967,2.6989998817443848
17.971999883651733,3.0260000228881836,2.7019999027252197
17.99399995803833,3.0299999713897705,2.7049999237060547
18.016000032424927,3.0340001583099365,2.7079999446868896
18.037999868392944,3.0380001068115234,2.7109999656677246
18.05999994277954,3.0410001277923584,2.7139999866485596
18.082000017166138,3.0450000762939453,2.7170000076293945
18.105000019073486,3.0490000247955322,2.7199997901916504
18.126999855041504,3.052999973297119,2.7239999771118164
18.149999856948853,3.055999994277954,2.7269999980926514
18.17199993133545,3.06000018119812,2.7300000190734863
18.194000005722046,3.064000129699707,2.732999801635742
18.217999935150146,3.067000150680542,2.735999822616577
18.240000009536743,3.071000099182129,2.738999843597412
18.26199984550476,3.075000047683716,2.742999792098999
18.283999919891357,3.0789999961853027,2.745999813079834
18.305999994277954,3.0820000171661377,2.748999834060669
18.330999851226807,3.0859999656677246,2.751999855041504
18.35599994659424,3.0900001525878906,2.754999876022339
18.378999948501587,3.0930001735687256,2.758999824523926
18.401000022888184,3.0970001220703125,2.7619998455047607
18.424000024795532,3.1010000705718994,2.7649998664855957
18.44599986076355,3.1050000190734863,2.7679998874664307
18.467999935150146,3.1080000400543213,2.7709999084472656
18.490000009536743,3.111999988555908,2.7739999294281006
18.51199984550476,3.116000175476074,2.7779998779296875
18.533999919891357,3.11899995803833,2.7809998989105225
18.55900001525879,3.123000144958496,2.7839999198913574
18.580999851226807,3.127000093460083,2.7869999408721924
18.602999925613403,3.13100004196167,2.7899999618530273
18.625,3.134000062942505,2.7929999828338623
18.645999908447266,3.138000011444092,2.7960000038146973
18.671000003814697,3.1419999599456787,2.799999952316284
18.693000078201294,3.1460001468658447,2.803999900817871
18.71499991416931,3.1490001678466797,2.806999921798706
18.738999843597412,3.1530001163482666,2.809999942779541
18.76099991798401,3.1570000648498535,2.812999963760376
18.783999919891357,3.1610000133514404,2.815999984741211
18.805999994277954,3.1649999618530273,2.819000005722046
18.82800006866455,3.1690001487731934,2.822999954223633
18.84999990463257,3.1720001697540283,2.8259999752044678
18.871999979019165,3.1760001182556152,2.8289999961853027
18.894999980926514,3.180000066757202,2.8320000171661377
18.91700005531311,3.184000015258789,2.8359999656677246
18.94099998474121,3.187999963760376,2.8389999866485596
18.961999893188477,3.192000150680542,2.8420000076293945
18.983999967575073,3.197000026702881,2.8449997901916504
19.007999897003174,3.2009999752044678,2.8479998111724854
19.02999997138977,3.2039999961853027,2.8509998321533203
19.050999879837036,3.2080001831054688,2.8550000190734863
19.073999881744385,3.2120001316070557,2.857999801635742
19.09599995613098,3.2160000801086426,2.860999822616577
19.11899995803833,3.2190001010894775,2.863999843597412
19.14299988746643,3.2239999771118164,2.866999864578247
19.168999910354614,3.2280001640319824,2.870999813079834
19.19099998474121,3.2320001125335693,2.873999834060669
19.213000059127808,3.2360000610351562,2.876999855041504
19.236999988555908,3.240000009536743,2.879999876022339
19.259000062942505,3.246000051498413,2.882999897003174
19.280999898910522,3.25,2.885999917984009
19.30299997329712,3.25600004196167,2.8889999389648438
19.325999975204468,3.263000011444092,2.8929998874664307
19.348999977111816,3.2690000534057617,2.8959999084472656
19.371999979019165,3.2760000228881836,2.8989999294281006
19.39400005340576,3.2820000648498535,2.9019999504089355
19.41599988937378,3.2870001792907715,2.9059998989105225
19.438999891281128,3.2920000553131104,2.9089999198913574
19.460999965667725,3.2950000762939453,2.9119999408721924
19.48300004005432,3.2990000247955322,2.9159998893737793
19.50499987602234,3.302999973297119,2.9189999103546143
19.526999950408936,3.307000160217285,2.921999931335449
19.549999952316284,3.311000108718872,2.924999952316284
19.572999954223633,3.315000057220459,2.927999973297119
19.59500002861023,3.318000078201294,2.930999994277954
19.616999864578247,3.322000026702881,2.934999942779541
19.638999938964844,3.3259999752044678,2.937999963760376
19.66100001335144,3.330000162124634,2.940999984741211
19.68499994277954,3.3340001106262207,2.944999933242798
19.707000017166138,3.3380000591278076,2.947999954223633
19.730000019073486,3.3420000076293945,2.9519999027252197
19.757999897003174,3.3459999561309814,2.9549999237060547
19.77999997138977,3.3489999771118164,2.9579999446868896
19.802000045776367,3.3530001640319824,2.9609999656677246
19.822999954223633,3.3580000400543213,2.9639999866485596
19.84599995613098,3.361999988555908,2.9679999351501465
19.868000030517578,3.367000102996826,2.9709999561309814
19.889999866485596,3.371000051498413,2.9739999771118164
19.911999940872192,3.376000165939331,2.9769999980926514
19.93400001525879,3.380000114440918,2.9800000190734863
19.95799994468689,3.384000062942505,2.982999801635742
19.980000019073486,3.38700008392334,2.986999988555908
20.001999855041504,3.3910000324249268,2.990000009536743
20.0239999294281,3.3949999809265137,2.992999792098999
20.046000003814697,3.3990001678466797,2.995999813079834
20.069000005722046,3.4030001163482666,2.998999834060669
20.090999841690063,3.4060001373291016,3.002999782562256
20.11299991607666,3.4100000858306885,3.005999803543091
20.134999990463257,3.4140000343322754,3.008999824523926
20.158999919891357,3.4179999828338623,3.0119998455047607
20.180999994277954,3.4220001697540283,3.0149998664855957
20.20300006866455,3.4260001182556152,3.0179998874664307
20.22499990463257,3.430000066757202,3.0209999084472656
20.247999906539917,3.434000015258789,3.0239999294281006
20.269999980926514,3.439000129699707,3.0279998779296875
20.29200005531311,3.443000078201294,3.0319998264312744
20.313999891281128,3.447000026702881,3.0349998474121094
20.33899998664856,3.450000047683716,3.0379998683929443
20.361000061035156,3.455000162124634,3.0409998893737793
20.382999897003174,3.4590001106262207,3.0439999103546143
20.40499997138977,3.4639999866485596,3.046999931335449
20.42799997329712,3.4690001010894775,3.049999952316284
20.450999975204468,3.4730000495910645,3.052999973297119
20.473000049591064,3.4780001640319824,3.056999921798706
20.494999885559082,3.4820001125335693,3.059999942779541
20.51699995994568,3.486999988555908,3.062999963760376
20.539999961853027,3.492000102996826,3.066999912261963
20.563999891281128,3.496000051498413,3.069999933242798
20.585999965667725,3.501000165939331,3.072999954223633
20.60800004005432,3.50600004196167,3.0759999752044678
20.62999987602234,3.511000156402588,3.0789999961853027
20.652999877929688,3.515000104904175,3.0820000171661377
20.674999952316284,3.5190000534057617,3.0859999656677246
20.69700002670288,3.5240001678466797,3.0889999866485596
20.7189998626709,3.5280001163482666,3.0920000076293945
20.741999864578247,3.5320000648498535,3.0949997901916504
20.764999866485596,3.5360000133514404,3.0979998111724854
20.787999868392944,3.5399999618530273,3.1009998321533203
20.80999994277954,3.5440001487731934,3.1039998531341553
20.832000017166138,3.5490000247955322,3.1069998741149902
20.853999853134155,3.55400013923645,3.110999822616577
20.875999927520752,3.559000015258789,3.113999843597412
20.89800000190735,3.562999963760376,3.117999792098999
20.920000076293945,3.567000150680542,3.120999813079834
20.943000078201294,3.570000171661377,3.123999834060669
20.965999841690063,3.574000120162964,3.126999855041504
20.98799991607666,3.578000068664551,3.129999876022339
21.009999990463257,3.5820000171661377,3.133999824523926
21.032000064849854,3.5850000381469727,3.1369998455047607
21.05399990081787,3.5889999866485596,3.1399998664855957
21.07699990272522,3.5930001735687256,3.1429998874664307
21.098999977111816,3.5970001220703125,3.1469998359680176
21.121000051498413,3.6010000705718994,3.1499998569488525
21.14400005340576,3.6050000190734863,3.1529998779296875
21.16700005531311,3.6080000400543213,3.1559998989105225
21.188999891281128,3.611999988555908,3.1589999198913574
21.210999965667725,3.616000175476074,3.1619999408721924
21.23300004005432,3.620000123977661,3.1659998893737793
21.25600004196167,3.623000144958496,3.1689999103546143
21.27900004386902,3.627000093460083,3.171999931335449
21.302000045776367,3.63100004196167,3.174999952316284
21.32699990272522,3.634000062942505,3.177999973297119
21.348999977111816,3.638000011444092,3.180999994277954
21.371999979019165,3.6419999599456787,3.184999942779541
21.401000022888184,3.6460001468658447,3.187999963760376
21.424999952316284,3.6490001678466797,3.190999984741211
21.44700002670288,3.6530001163482666,3.194000005722046
21.47000002861023,3.6570000648498535,3.1969997882843018
21.493000030517578,3.6610000133514404,3.1999998092651367
21.513999938964844,3.6649999618530273,3.2039999961853027
21.537999868392944,3.6679999828338623,3.2070000171661377
21.55999994277954,3.6720001697540283,3.2099997997283936
21.58299994468689,3.6760001182556152,3.2129998207092285
21.605000019073486,3.680000066757202,3.2159998416900635
21.626999855041504,3.683000087738037,3.2189998626708984
21.6489999294281,3.687000036239624,3.2219998836517334
21.670000076293945,3.690999984741211,3.2249999046325684
21.693000078201294,3.695000171661377,3.2279999256134033
21.71499991416931,3.699000120162964,3.2319998741149902
21.73799991607666,3.702000141143799,3.234999895095825
21.759999990463257,3.7060000896453857,3.23799991607666
21.782999992370605,3.7100000381469727,3.240999937057495
21.805999994277954,3.7130000591278076,3.24399995803833
21.82800006866455,3.7170000076293945,3.247999906539917
21.84999990463257,3.7209999561309814,3.250999927520752
21.871999979019165,3.7250001430511475,3.253999948501587
21.894999980926514,3.7280001640319824,3.257999897003174
21.91700005531311,3.7320001125335693,3.2619998455047607
21.941999912261963,3.7360000610351562,3.2649998664855957
21.9689998626709,3.739000082015991,3.2679998874664307
21.994999885559082,3.743000030517578,3.2709999084472656
22.01699995994568,3.746999979019165,3.2739999294281006
22.039999961853027,3.751000165939331,3.2769999504089355
22.063999891281128,3.754000186920166,3.2809998989105225
22.086999893188477,3.758000135421753,3.2839999198913574
22.109999895095825,3.76200008392334,3.2869999408721924
22.131999969482422,3.765000104904175,3.2899999618530273
22.155999898910522,3.7690000534057617,3.2929999828338623
22.17799997329712,3.7730000019073486,3.2960000038146973
22.200999975204468,3.7760000228881836,3.298999786376953
22.223000049591064,3.7799999713897705,3.302999973297119
22.244999885559082,3.7840001583099365,3.305999994277954
22.26699995994568,3.7880001068115234,3.309000015258789
22.292999982833862,3.7910001277923584,3.311999797821045
22.31500005722046,3.7950000762939453,3.31499981880188
22.336999893188477,3.7990000247955322,3.317999839782715
22.361000061035156,3.802999973297119,3.32099986076355
22.384000062942505,3.805999994277954,3.3239998817443848
22.405999898910522,3.81000018119812,3.3269999027252197
22.42899990081787,3.814000129699707,3.3309998512268066
22.450999975204468,3.818000078201294,3.3339998722076416
22.473000049591064,3.821000099182129,3.3379998207092285
22.496999979019165,3.825000047683716,3.3409998416900635
22.51799988746643,3.8289999961853027,3.3439998626708984
22.539999961853027,3.8330001831054688,3.3469998836517334
22.563999891281128,3.8359999656677246,3.3509998321533203
22.586999893188477,3.8400001525878906,3.3539998531341553
22.611999988555908,3.8440001010894775,3.3569998741149902
22.634999990463257,3.8470001220703125,3.359999895095825
22.657000064849854,3.8510000705718994,3.36299991607666
22.67899990081787,3.8550000190734863,3.366999864578247
22.70199990272522,3.8589999675750732,3.369999885559082
22.72499990463257,3.861999988555908,3.373999834060669
22.746999979019165,3.866000175476074,3.377999782562256
22.769999980926514,3.870000123977661,3.380999803543091
22.79200005531311,3.874000072479248,3.383999824523926
22.81599998474121,3.877000093460083,3.3869998455047607
22.838000059127808,3.88100004196167,3.3899998664855957
22.859999895095825,3.884999990463257,3.3929998874664307
22.881999969482422,3.889000177383423,3.3959999084472656
22.90400004386902,3.8919999599456787,3.3999998569488525
22.925999879837036,3.8960001468658447,3.4029998779296875
22.950000047683716,3.9000000953674316,3.4059998989105225
22.971999883651733,3.9040000438690186,3.4089999198913574
22.994999885559082,3.9070000648498535,3.4119999408721924
